0	1	2	3	4
0.00411	0.08255	0.00204	0.00003	0.00000
0.00000	0.00324	0.00190	0.00034	1.00000
0.00000	0.00030	0.00190	0.00011	1.00000
0.00000	0.63583	0.00326	0.06342	0.00000
0.00000	0.00000	0.00000	0.00007	0.00000
0.06233	0.00000	0.00109	0.00037	0.00000
0.00000	0.01524	0.00190	0.00031	1.00000
0.00000	0.01502	0.00190	0.00014	1.00000
0.00000	0.00000	0.00000	0.00013	1.00000
0.00000	0.00000	0.00000	0.00020	1.00000
0.16575	0.00000	0.00109	0.00038	0.00000
0.00000	0.00000	0.00000	0.00016	1.00000
0.10274	0.00000	0.00068	0.00042	0.00000
0.00000	0.00503	0.00156	0.00014	1.00000
0.00000	0.00299	0.00156	0.00014	1.00000
0.00411	0.09167	0.00170	0.00003	0.00000
0.00000	0.05024	0.00347	0.07090	0.00000
0.00000	0.00999	0.00156	0.00014	1.00000
0.00000	0.00000	0.00000	0.00016	1.00000
0.00411	0.00000	0.00034	0.00003	0.00000
0.00000	0.00689	0.00190	0.00014	1.00000
0.00000	0.00000	0.00000	0.00016	1.00000
0.00000	0.04232	0.00292	0.00178	0.00000
0.00000	0.00000	0.00000	0.00013	1.00000
0.00000	0.00000	0.00000	0.00013	1.00000
0.04178	0.00000	0.00068	0.00049	0.00000
0.00000	0.00000	0.00000	0.00016	1.00000
0.00000	0.00000	0.00000	0.00016	1.00000
0.00000	0.01048	0.00190	0.00014	1.00000
0.03425	0.00000	0.00109	0.00037	0.00000
0.00000	0.08333	0.00591	0.00264	0.00000
0.00000	0.20083	0.00224	0.00751	0.00000
0.00000	0.00000	0.00000	0.00007	0.00000
0.00000	0.08833	0.00224	0.00751	0.00000
0.00411	0.00000	0.00034	0.00003	0.00000
0.00000	0.00000	0.00000	0.00032	0.00000
0.00000	0.00000	0.00000	0.00013	1.00000
0.00000	0.00287	0.00224	0.00014	1.00000
0.00000	0.00032	0.00190	0.00014	1.00000
0.00000	0.08333	0.00992	0.00361	0.00000
0.00000	0.00011	0.00190	0.00014	1.00000
0.00000	0.01095	0.00156	0.00031	1.00000
0.00000	0.00000	0.00000	0.00016	1.00000
0.00000	0.00363	0.00224	0.00014	1.00000
0.00000	0.00273	0.00190	0.00014	1.00000
0.00000	0.00496	0.00224	0.00014	1.00000
0.00000	0.00977	0.00156	0.00014	1.00000
0.07603	0.00000	0.00136	0.00028	0.00000
0.00000	0.00891	0.00156	0.00014	1.00000
0.09658	0.00000	0.00068	0.00043	0.00000
0.00000	0.00920	0.00224	0.00031	1.00000
0.00000	0.00782	0.00190	0.00031	1.00000
0.00411	0.05016	0.00204	0.00003	0.00000
0.01370	0.00000	0.00034	0.06339	0.00000
0.00000	0.00102	0.00224	0.00301	0.00000
0.00000	0.00057	0.00224	0.00014	1.00000
0.00000	0.00681	0.00190	0.00011	1.00000
0.00411	0.00000	0.00034	0.00003	0.00000
0.00000	0.48917	0.01312	0.01106	0.00000
0.00000	0.00024	0.00258	0.01332	0.00000
0.00000	0.00088	0.02420	0.01456	0.00000
0.00000	0.00107	0.00190	0.00014	1.00000
0.00000	0.00000	0.00000	0.00013	1.00000
0.06438	0.00000	0.00054	0.00029	0.00000
0.00000	0.00489	0.00190	0.00014	1.00000
0.00000	0.01008	0.00224	0.00014	1.00000
0.00000	0.00000	0.00000	0.00016	1.00000
0.00000	0.00012	0.00190	0.00014	1.00000
0.03288	0.00000	0.00048	0.00026	0.00000
0.00000	0.00000	0.00000	0.00016	1.00000
0.00000	0.01536	0.00190	0.00014	1.00000
0.00000	0.50167	0.00326	0.06345	0.00000
0.00000	0.08333	0.00455	0.00761	0.00000
0.00000	0.00000	0.00000	0.00016	1.00000
0.00000	0.00178	0.00231	0.00382	0.00000
0.00000	0.01103	0.00224	0.00034	1.00000
0.06233	0.00000	0.00034	0.00019	0.00000
0.00000	0.00001	0.00353	0.01721	0.00000
0.07192	0.00000	0.00109	0.00045	0.00000
0.00411	0.04464	0.00170	0.00003	0.00000
0.00411	0.00000	0.00034	0.00003	0.00000
0.00000	0.07386	0.05492	0.04749	0.00000
0.00411	0.00000	0.00034	0.00003	0.00000
0.00000	0.05073	0.00292	0.06342	0.00000
0.00000	0.00000	0.00000	0.00013	1.00000
0.00000	0.00073	0.00190	0.00031	1.00000
0.05616	0.00000	0.00068	0.00036	0.00000
0.00000	0.00546	0.00190	0.00014	1.00000
0.00000	0.00179	0.00231	0.00356	0.00000
0.00000	0.08333	0.00720	0.00289	0.00000
0.00000	0.00000	0.00000	0.00016	1.00000
0.00000	0.00023	0.00156	0.00014	1.00000
0.00000	0.00000	0.00000	0.00007	0.00000
0.00411	0.08151	0.00204	0.00003	0.00000
0.00000	0.00038	0.00190	0.00014	1.00000
0.00000	0.56083	0.00326	0.06342	0.00000
0.00411	0.07535	0.00204	0.00003	0.00000
0.00000	0.00000	0.00054	0.00007	0.00000
0.06986	0.00000	0.00068	0.00035	0.00000
0.07055	0.03248	0.00136	0.00089	0.00000
0.00000	0.00000	0.00000	0.00032	0.00000
0.00000	0.00000	0.00054	0.00000	0.00000
0.11918	0.00000	0.00109	0.00050	0.00000
0.00000	0.00991	0.00156	0.00014	1.00000
0.00000	0.66083	0.00326	0.06345	0.00000
0.00000	0.01526	0.00156	0.00031	1.00000
0.00000	0.00000	0.00000	0.00013	1.00000
0.15753	0.00000	0.00068	0.00079	0.00000
0.00000	0.00000	0.00000	0.00016	1.00000
0.00000	0.00000	0.00000	0.00016	1.00000
0.14452	0.00000	0.00068	0.00037	0.00000
0.00000	0.00762	0.00224	0.00014	1.00000
0.00411	0.01701	0.00204	0.00003	0.00000
0.00000	0.00000	0.00000	0.00016	1.00000
0.00000	0.00476	0.00156	0.00014	1.00000
0.00000	0.00207	0.00190	0.00014	1.00000
0.00000	0.00282	0.00224	0.00014	1.00000
0.00000	0.01285	0.00190	0.00034	1.00000
0.08151	0.00000	0.00054	0.00028	0.00000
0.07534	0.00000	0.00068	0.00025	0.00000
0.00411	0.08319	0.00170	0.00003	0.00000
0.00000	0.00146	0.00190	0.00014	1.00000
0.00000	0.00024	0.00190	0.00014	1.00000
0.00000	0.00000	0.00000	0.00135	0.00000
0.00000	0.01245	0.00190	0.00014	1.00000
0.00000	0.00446	0.00190	0.00014	1.00000
0.00000	0.01499	0.00224	0.00014	1.00000
0.10411	0.00000	0.00034	0.00022	0.00000
0.00000	0.49167	0.10073	0.02486	0.00000
0.00000	0.00043	0.00190	0.00011	1.00000
0.00000	0.00874	0.00190	0.00014	1.00000
0.00000	0.01251	0.00190	0.00014	1.00000
0.08151	0.00000	0.00109	0.00060	0.00000
0.00000	0.00000	0.00000	0.00000	0.00000
0.00000	0.00420	0.00224	0.00014	1.00000
0.00000	0.00770	0.00190	0.00014	1.00000
0.00000	0.00478	0.00156	0.00014	1.00000
0.00000	0.00000	0.00000	0.00016	1.00000
0.00000	0.00065	0.00224	0.00014	1.00000
0.00000	0.00212	0.00190	0.00027	1.00000
0.00411	0.00424	0.00102	0.00000	0.00000
0.04932	0.13750	0.01196	0.04846	0.00000
0.00000	0.00024	0.00156	0.00031	1.00000
0.00000	0.00087	0.00224	0.00027	1.00000
0.00000	0.01051	0.00190	0.00031	1.00000
0.04384	0.00000	0.00068	0.00039	0.00000
0.00000	0.01244	0.00190	0.00031	1.00000
0.00000	0.00000	0.00000	0.00013	1.00000
0.00000	0.00017	0.00122	0.06339	0.00000
0.00411	0.00000	0.00068	0.06342	0.00000
0.10274	0.00000	0.00109	0.00042	0.00000
0.00000	0.00000	0.00000	0.00013	1.00000
0.00000	0.00000	0.00000	0.00016	1.00000
0.11233	0.00000	0.00068	0.00039	0.00000
0.00000	0.00000	0.00000	0.00013	1.00000
0.00411	0.00000	0.00068	0.06342	0.00000
0.00411	0.00000	0.00034	0.00003	0.00000
0.00000	0.00000	0.00000	0.00013	1.00000
0.00000	0.00582	0.00224	0.00031	1.00000
0.00411	0.00000	0.00068	0.06339	0.00000
0.00000	0.01014	0.00190	0.00751	0.00000
0.00000	0.00000	0.00000	0.00013	1.00000
0.00000	0.00034	0.00184	0.00358	0.00000
0.04178	0.00000	0.00068	0.00049	0.00000
0.00000	0.00143	0.00224	0.00014	1.00000
0.12534	0.00000	0.00054	0.00054	0.00000
0.00411	0.05931	0.00238	0.00003	0.00000
0.06849	0.00000	0.00109	0.00048	0.00000
0.00000	0.00187	0.00190	0.00014	1.00000
0.00000	0.00161	0.00224	0.00014	1.00000
0.00000	0.00000	0.00000	0.00013	1.00000
0.00000	0.00195	0.00190	0.00034	1.00000
0.10411	0.00000	0.00034	0.00024	0.00000
0.00000	0.00040	0.00258	0.00282	0.00000
0.00000	0.01399	0.00224	0.00014	1.00000
0.00411	0.05772	0.00204	0.00003	0.00000
0.00000	0.00027	0.00190	0.00014	1.00000
0.00000	0.00000	0.00000	0.00016	1.00000
0.00000	0.00383	0.00224	0.00031	1.00000
0.00000	0.00019	0.00156	0.00031	1.00000
0.00000	0.00225	0.00190	0.00014	1.00000
0.00000	0.00000	0.00000	0.00016	1.00000
0.00000	0.00000	0.00000	0.00013	1.00000
0.05753	0.00000	0.00109	0.00038	0.00000
0.00000	0.00612	0.00190	0.00014	1.00000
0.00000	0.01498	0.00224	0.00011	1.00000
0.00411	0.00095	0.00068	0.00000	0.00000
0.00411	0.00000	0.00068	0.06342	0.00000
0.00000	0.00148	0.00190	0.00031	1.00000
0.00000	0.02831	0.00258	0.00305	0.00000
0.00000	0.49000	0.00462	0.00349	0.00000
0.00000	0.00000	0.00000	0.00013	1.00000
0.00000	0.00441	0.00156	0.00031	1.00000
0.00000	0.00045	0.00285	0.00194	0.00000
0.04521	0.19833	0.00102	0.00061	0.00000
0.00000	0.01495	0.00190	0.00014	1.00000
0.00000	0.49167	0.00496	0.00479	0.00000
0.00000	0.01248	0.00224	0.00014	1.00000
0.00000	0.01415	0.00190	0.00014	1.00000
0.00000	0.00000	0.00000	0.00013	1.00000
0.00000	0.08417	0.00619	0.00549	0.00000
0.00000	0.00000	0.00000	0.00000	0.00000
0.00000	0.01476	0.00190	0.00031	1.00000
0.00000	0.00000	0.00000	0.00016	1.00000
0.03836	0.00000	0.00068	0.00044	0.00000
0.00411	0.18750	0.00170	0.00003	0.00000
0.08356	0.00000	0.00054	0.00022	0.00000
0.00000	0.56083	0.00360	0.06345	0.00000
0.00000	0.00000	0.00000	0.00013	1.00000
0.00000	0.00000	0.00054	0.00000	0.00000
0.00000	0.00146	0.00190	0.00014	1.00000
0.06507	0.00000	0.00034	0.00021	0.00000
0.00000	0.00020	0.00190	0.00014	1.00000
0.06438	0.00000	0.00109	0.00048	0.00000
0.00411	0.08155	0.00170	0.00003	0.00000
0.00000	0.00052	0.00190	0.00014	1.00000
0.00411	0.00000	0.00068	0.06342	0.00000
0.00000	0.00527	0.00190	0.00014	1.00000
0.00000	0.01405	0.00224	0.00751	0.00000
0.00000	0.03587	0.00190	0.00751	0.00000
0.00000	0.00181	0.00190	0.00014	1.00000
0.08425	0.00000	0.00034	0.00023	0.00000
0.00000	0.00747	0.00224	0.00031	1.00000
0.00000	0.00052	0.00156	0.00031	1.00000
0.00000	0.01511	0.00156	0.00031	1.00000
0.00000	0.63250	0.00326	0.06342	0.00000
0.00000	0.00485	0.00190	0.00014	1.00000
0.00000	0.00403	0.00190	0.00014	1.00000
0.00000	0.01003	0.00224	0.00014	1.00000
0.00000	0.00015	0.00224	0.00014	1.00000
0.04110	0.00000	0.00068	0.00035	0.00000
0.00000	0.00851	0.00156	0.00014	1.00000
0.00000	0.00000	0.00054	0.00000	0.00000
0.00000	0.00000	0.00000	0.00013	1.00000
0.00000	0.00434	0.00190	0.00034	1.00000
0.00000	0.00000	0.00000	0.00016	1.00000
0.00000	0.69583	0.00360	0.06345	0.00000
0.00411	0.09000	0.00170	0.00003	0.00000
0.00000	0.00000	0.00000	0.00013	1.00000
0.00000	0.00053	0.00292	0.00304	0.00000
0.00000	0.00424	0.00224	0.00031	1.00000
0.08014	0.00000	0.00054	0.00035	0.00000
0.00000	0.00000	0.00000	0.00020	1.00000
0.00000	0.00112	0.00156	0.00031	1.00000
0.00000	0.00000	0.00000	0.00013	1.00000
0.00000	0.00000	0.00000	0.00016	1.00000
0.06986	0.00000	0.00068	0.00035	0.00000
0.00000	0.00000	0.00000	0.00013	1.00000
0.00000	0.01192	0.00190	0.00014	1.00000
0.00000	0.10083	0.00190	0.00751	0.00000
0.00000	0.00000	0.00000	0.00016	1.00000
0.00000	0.00000	0.00000	0.00013	1.00000
0.00000	0.00589	0.00190	0.00034	1.00000
0.00000	0.52917	0.00326	0.06345	0.00000
0.00000	0.00633	0.00190	0.00014	1.00000
0.00411	0.07121	0.00170	0.00003	0.00000
0.00000	0.00000	0.00000	0.00016	1.00000
0.04110	0.00000	0.00034	0.00024	0.00000
0.00000	0.00134	0.00319	0.02756	0.00000
0.00000	0.00022	0.00156	0.00014	1.00000
0.00411	0.07031	0.00204	0.00003	0.00000
0.11027	0.00000	0.00068	0.00074	0.00000
0.00000	0.00000	0.00000	0.00013	1.00000
0.00000	0.00000	0.00000	0.00013	1.00000
0.00000	0.01489	0.00156	0.00014	1.00000
0.00000	0.00470	0.00190	0.00014	1.00000
0.03836	0.00000	0.00109	0.00026	0.00000
0.00137	0.00114	0.00619	0.01211	0.00000
0.03356	0.00000	0.00136	0.00036	0.00000
0.00000	0.06455	0.00224	0.00751	0.00000
0.00000	0.00089	0.00190	0.00014	1.00000
0.09041	0.00000	0.00068	0.00066	0.00000
0.11986	0.00000	0.00068	0.00051	0.00000
0.00000	0.01561	0.00224	0.00014	1.00000
0.00000	0.00106	0.00190	0.00034	1.00000
0.00000	0.00086	0.00177	0.00064	0.00000
0.09726	0.00000	0.00034	0.00031	0.00000
0.00000	0.01038	0.00156	0.00014	1.00000
0.00000	0.66000	0.00360	0.06345	0.00000
0.00000	0.00035	0.00156	0.00031	1.00000
0.00000	0.01241	0.00224	0.00027	1.00000
0.00000	0.00000	0.00000	0.00007	0.00000
0.00000	0.00271	0.00224	0.00031	1.00000
0.00411	0.07882	0.00170	0.00003	0.00000
0.00411	0.00000	0.00068	0.06339	0.00000
0.00000	0.00000	0.00000	0.00016	1.00000
0.00000	0.00000	0.00054	0.00000	0.00000
0.00000	0.00034	0.00156	0.00034	1.00000
0.00000	0.00020	0.02732	0.00711	0.00000
0.07671	0.00000	0.00109	0.00056	0.00000
0.05753	0.00000	0.00068	0.00039	0.00000
0.00000	0.00000	0.00054	0.00000	0.00000
0.00000	0.08417	0.00544	0.00473	0.00000
0.00000	0.00032	0.00224	0.00034	1.00000
0.00000	0.00659	0.00224	0.00014	1.00000
0.00000	0.71167	0.00326	0.06345	0.00000
0.00000	0.00702	0.00190	0.00031	1.00000
0.00000	0.00000	0.00000	0.00013	1.00000
0.00000	0.00000	0.00000	0.00013	1.00000
0.00000	0.00000	0.00000	0.00016	1.00000
0.00000	0.01377	0.00156	0.00031	1.00000
0.00000	0.00028	0.00190	0.00871	0.00000
0.00000	0.00000	0.00000	0.00013	1.00000
0.03288	0.53333	0.00088	0.00052	0.00000
0.00000	0.00806	0.00224	0.00014	1.00000
0.09384	0.00000	0.00034	0.00026	0.00000
0.00000	0.02688	0.00190	0.00751	0.00000
0.00411	0.01611	0.00136	0.00003	0.00000
0.00000	0.00253	0.00156	0.00014	1.00000
0.00000	0.00000	0.00000	0.00013	1.00000
0.00000	0.00598	0.00156	0.00031	1.00000
0.00000	0.00347	0.00224	0.00014	1.00000
0.00000	0.00042	0.00224	0.00031	1.00000
0.00000	0.00000	0.00000	0.00013	1.00000
0.00000	0.01531	0.00190	0.00027	1.00000
0.03151	0.00000	0.00034	0.00074	0.00000
0.00000	0.00049	0.00177	0.00327	0.00000
0.00000	0.00000	0.00054	0.00000	0.00000
0.00000	0.00000	0.00000	0.00016	1.00000
0.00000	0.00000	0.00000	0.00013	1.00000
0.00000	0.00000	0.00000	0.00016	1.00000
0.00000	0.00025	0.00190	0.00031	1.00000
0.00000	0.00000	0.00000	0.00013	1.00000
0.00000	0.00050	0.00292	0.00210	0.00000
0.00000	0.00000	0.00000	0.00016	1.00000
0.09041	0.00000	0.00068	0.00066	0.00000
0.00411	0.01435	0.00204	0.00003	0.00000
0.04247	0.01320	0.00088	0.00054	0.00000
0.04521	0.00000	0.00034	0.00027	0.00000
0.00411	0.07436	0.00204	0.00003	0.00000
0.00000	0.00509	0.00190	0.00014	1.00000
0.00411	0.05022	0.00170	0.00003	0.00000
0.00000	0.00000	0.00000	0.00016	1.00000
0.00000	0.00000	0.00000	0.00013	1.00000
0.00411	0.09000	0.00204	0.00003	0.00000
0.00411	0.01867	0.00204	0.00003	0.00000
0.05274	0.00000	0.00068	0.00054	0.00000
0.00411	0.09833	0.00204	0.00003	0.00000
0.00000	0.00000	0.00000	0.00016	1.00000
0.05342	0.00000	0.00109	0.00033	0.00000
0.05068	0.00000	0.00109	0.00063	0.00000
0.00411	0.08417	0.00204	0.00003	0.00000
0.00000	0.00052	0.00224	0.00014	1.00000
0.00000	0.00000	0.00000	0.00016	1.00000
0.00411	0.03164	0.00170	0.00003	0.00000
0.00000	0.00673	0.00224	0.00751	0.00000
0.00000	0.00000	0.00000	0.00013	1.00000
0.00000	0.08333	0.00720	0.00623	0.00000
0.00000	0.00424	0.00224	0.00031	1.00000
0.00000	0.08583	0.00503	0.01092	0.00000
0.00000	0.00000	0.00054	0.00000	0.00000
0.00000	0.00000	0.00000	0.00007	0.00000
0.00000	0.00000	0.00000	0.00016	1.00000
0.09041	0.00000	0.00109	0.00033	0.00000
0.00000	0.00000	0.00000	0.00013	1.00000
0.00000	0.05212	0.34609	0.04658	0.00000
0.00000	0.00899	0.00190	0.00031	1.00000
0.11918	0.00000	0.00034	0.00031	0.00000
0.00000	0.00643	0.00190	0.00014	1.00000
0.00000	0.00425	0.00190	0.00031	1.00000
0.00000	0.00042	0.00224	0.00014	1.00000
0.00000	0.01425	0.00190	0.00014	1.00000
0.00000	0.00468	0.00156	0.00014	1.00000
0.00000	0.00000	0.00000	0.00013	1.00000
0.00000	0.00033	0.00190	0.00014	1.00000
0.00000	0.00000	0.00000	0.00013	1.00000
0.00000	0.00602	0.00156	0.00014	1.00000
0.03836	0.01268	0.00136	0.00079	0.00000
0.00000	0.00040	0.00190	0.00014	1.00000
0.00411	0.00440	0.00170	0.00003	0.00000
0.03288	0.55000	0.00068	0.00052	0.00000
0.00000	0.00000	0.00000	0.00020	1.00000
0.06918	0.03295	0.00088	0.00052	0.00000
0.08699	0.00000	0.00068	0.00043	0.00000
0.00000	0.01048	0.00156	0.00014	1.00000
0.00000	0.00000	0.00000	0.00016	1.00000
0.00000	0.00161	0.00190	0.00014	1.00000
0.00000	0.06691	0.00313	0.07090	0.00000
0.00000	0.00754	0.00190	0.00014	1.00000
0.00000	0.00000	0.00000	0.00013	1.00000
0.00000	0.07130	0.00190	0.00751	0.00000
0.00000	0.58583	0.00326	0.06345	0.00000
0.00000	0.00000	0.00000	0.00013	1.00000
0.00000	0.00000	0.00000	0.00013	1.00000
0.00000	0.59667	0.00360	0.06342	0.00000
0.00000	0.00044	0.00190	0.00014	1.00000
0.00000	0.08417	0.00884	0.00845	0.00000
0.00000	0.00031	0.00190	0.00034	1.00000
0.00000	0.00000	0.00000	0.00016	1.00000
0.00000	0.00064	0.00190	0.00014	1.00000
0.00411	0.00000	0.00034	0.00003	0.00000
0.00000	0.00000	0.00000	0.00013	1.00000
0.00000	0.00866	0.00224	0.00014	1.00000
0.00000	0.00235	0.00156	0.00334	0.00000
0.18219	0.00000	0.00034	0.00022	0.00000
0.00000	0.00887	0.00156	0.00031	1.00000
0.00000	0.00000	0.00000	0.00016	1.00000
0.00000	0.00109	0.00224	0.00031	1.00000
0.00000	0.00971	0.00156	0.00014	1.00000
0.00000	0.00000	0.00000	0.00013	1.00000
0.00000	0.01148	0.00258	0.00014	1.00000
0.00000	0.00000	0.00000	0.00007	0.00000
0.00000	0.00000	0.00000	0.00007	0.00000
0.20959	0.00000	0.00068	0.00052	0.00000
0.07671	0.00000	0.00054	0.00026	0.00000
0.00000	0.01014	0.00224	0.00031	1.00000
0.00000	0.00118	0.00190	0.00014	1.00000
0.00000	0.00681	0.00224	0.00014	1.00000
0.00000	0.00000	0.00000	0.00016	1.00000
0.00000	0.00038	0.00156	0.00014	1.00000
0.00000	0.00000	0.00000	0.00013	1.00000
0.00000	0.08417	0.00890	0.00639	0.00000
0.00411	0.00000	0.00068	0.06339	0.00000
0.00000	0.00000	0.00000	0.00016	1.00000
0.00000	0.00431	0.00224	0.00031	1.00000
0.00000	0.00473	0.00190	0.00014	1.00000
0.00411	0.08417	0.00170	0.00003	0.00000
0.00000	0.00000	0.00000	0.00013	1.00000
0.00000	0.00000	0.00000	0.00016	1.00000
0.00000	0.00000	0.00000	0.00000	0.00000
0.00000	0.00594	0.00190	0.00014	1.00000
0.00000	0.00000	0.00000	0.00016	1.00000
0.00000	0.00015	0.00313	0.10091	0.00000
0.13288	0.00000	0.00054	0.00023	0.00000
0.00411	0.00000	0.00034	0.00003	0.00000
0.04384	0.00000	0.00109	0.00052	0.00000
0.03356	0.00000	0.00068	0.00036	0.00000
0.00000	0.00000	0.00000	0.00000	0.00000
0.00000	0.00000	0.00000	0.00013	1.00000
0.00000	0.00741	0.00190	0.00014	1.00000
0.00000	0.00000	0.00000	0.00013	1.00000
0.00000	0.00000	0.00000	0.00013	1.00000
0.00000	0.01032	0.00224	0.00031	1.00000
0.03288	0.00000	0.00068	0.00052	0.00000
0.00000	0.00000	0.00000	0.00013	1.00000
0.00000	0.64250	0.00360	0.06342	0.00000
0.03699	0.00000	0.00109	0.00042	0.00000
0.00000	0.00707	0.00224	0.00014	1.00000
0.12740	0.00000	0.00054	0.00032	0.00000
0.00411	0.00000	0.00034	0.00003	0.00000
0.03288	0.00000	0.00034	0.00026	0.00000
0.00000	0.00027	0.00190	0.00031	1.00000
0.00000	0.00960	0.00224	0.00014	1.00000
0.00000	0.00000	0.00000	0.00007	0.00000
0.07603	0.00000	0.00068	0.00033	0.00000
0.00000	0.00000	0.00000	0.00016	1.00000
0.00000	0.01145	0.00156	0.00014	1.00000
0.00000	0.00018	0.00190	0.00014	1.00000
0.00000	0.08333	0.01869	0.00786	0.00000
0.00000	0.00480	0.00190	0.00014	1.00000
0.03493	0.00000	0.00068	0.00038	0.00000
0.00000	0.00671	0.00224	0.00014	1.00000
0.00000	0.07896	0.00224	0.00751	0.00000
0.00000	0.00000	0.00054	0.00007	0.00000
0.00000	0.00000	0.00000	0.00000	0.00000
0.03699	0.00000	0.00068	0.00042	0.00000
0.06986	0.00000	0.00109	0.00035	0.00000
0.04589	0.00000	0.00034	0.00028	0.00000
0.00000	0.00026	0.00156	0.00014	1.00000
0.00411	0.04995	0.00170	0.00003	0.00000
0.00000	0.08333	0.00381	0.00409	0.00000
0.00000	0.08333	0.00754	0.00516	0.00000
0.00000	0.00000	0.00000	0.00016	1.00000
0.00411	0.06362	0.00170	0.00003	0.00000
0.00000	0.55333	0.00360	0.06342	0.00000
0.00000	0.00000	0.00000	0.00013	1.00000
0.00000	0.08417	0.00992	0.00436	0.00000
0.00411	0.00000	0.00068	0.06339	0.00000
0.00000	0.00000	0.00000	0.00016	1.00000
0.00000	0.00000	0.00000	0.00013	1.00000
0.07055	0.00000	0.00109	0.00049	0.00000
0.00000	0.00000	0.00000	0.00016	1.00000
0.00000	0.00000	0.00000	0.00013	1.00000
0.06507	0.00000	0.00054	0.00023	0.00000
0.00000	0.01139	0.00224	0.00014	1.00000
0.00000	0.00023	0.00190	0.00751	0.00000
0.00000	0.00905	0.00224	0.00031	1.00000
0.00000	0.00000	0.00000	0.00013	1.00000
0.00000	0.00000	0.00000	0.00013	1.00000
0.00411	0.00000	0.00068	0.06339	0.00000
0.08767	0.00000	0.00068	0.00035	0.00000
0.00000	0.00000	0.00000	0.00013	1.00000
0.00000	0.00000	0.00000	0.00013	1.00000
0.00000	0.00022	0.00190	0.00014	1.00000
0.00411	0.05797	0.00170	0.00003	0.00000
0.00411	0.02513	0.00170	0.00003	0.00000
0.02808	0.49167	0.00068	0.00096	0.00000
0.00000	0.00000	0.00000	0.00000	0.00000
0.00000	0.00195	0.00224	0.00014	1.00000
0.00000	0.00000	0.00000	0.00007	0.00000
0.00000	0.01044	0.00156	0.00014	1.00000
0.00000	0.00396	0.00156	0.00031	1.00000
0.00411	0.08091	0.00170	0.00003	0.00000
0.00411	0.06741	0.00204	0.00003	0.00000
0.00000	0.01163	0.00224	0.00031	1.00000
0.00000	0.00000	0.00000	0.00013	1.00000
0.00000	0.00000	0.00000	0.00016	1.00000
0.06712	0.00000	0.00109	0.00035	0.00000
0.00000	0.00082	0.00224	0.00031	1.00000
0.00000	0.01495	0.00190	0.00014	1.00000
0.00411	0.08583	0.00170	0.00003	0.00000
0.00000	0.00000	0.00000	0.00013	1.00000
0.00000	0.00663	0.00224	0.00014	1.00000
0.00000	0.00514	0.00224	0.00014	1.00000
0.00411	0.00000	0.00034	0.00013	1.00000
0.05548	0.00000	0.00068	0.00036	0.00000
0.07945	0.00000	0.00068	0.00063	0.00000
0.07671	0.00000	0.00054	0.00022	0.00000
0.00000	0.00869	0.00190	0.00014	1.00000
0.00000	0.00000	0.00000	0.00013	1.00000
0.00000	0.00000	0.00000	0.00016	1.00000
0.00000	0.00000	0.00000	0.00016	1.00000
0.00000	0.00054	0.00156	0.00034	1.00000
0.00000	0.00473	0.00156	0.00014	1.00000
0.00000	0.01075	0.00156	0.00014	1.00000
0.00411	0.00001	0.00068	0.06342	0.00000
0.00000	0.00004	0.00088	0.06339	0.00000
0.00411	0.02617	0.00238	0.00003	0.00000
0.11781	0.00000	0.00034	0.00034	0.00000
0.04726	0.00000	0.00054	0.00029	0.00000
0.00411	0.05941	0.00170	0.00003	0.00000
0.00000	0.00000	0.00054	0.00000	0.00000
0.00000	0.12500	0.00428	0.00314	0.00000
0.00000	0.01042	0.00224	0.00014	1.00000
0.10274	0.00000	0.00054	0.00030	0.00000
0.00000	0.00000	0.00000	0.00013	1.00000
0.00000	0.01542	0.00190	0.00014	1.00000
0.00000	0.00000	0.00000	0.00013	1.00000
0.00000	0.00000	0.00000	0.00013	1.00000
0.08014	0.00000	0.00034	0.00035	0.00000
0.00411	0.07861	0.00170	0.00003	0.00000
0.00411	0.00000	0.00034	0.00003	0.00000
0.00000	0.00126	0.00224	0.00014	1.00000
0.00000	0.01009	0.00156	0.00014	1.00000
0.08151	0.00000	0.00068	0.00075	0.00000
0.06096	0.00000	0.00109	0.00045	0.00000
0.00000	0.00042	0.00190	0.00014	1.00000
0.08219	0.00000	0.00034	0.00025	0.00000
0.00000	0.00000	0.00000	0.00013	1.00000
0.00000	0.00025	0.00190	0.00014	1.00000
0.00000	0.00056	0.00190	0.00027	1.00000
0.00000	0.01431	0.00190	0.00014	1.00000
0.00000	0.01096	0.00190	0.00014	1.00000
0.00411	0.00000	0.00068	0.06339	0.00000
0.00000	0.52250	0.00360	0.06342	0.00000
0.00000	0.00985	0.00190	0.00014	1.00000
0.00411	0.07356	0.00170	0.00003	0.00000
0.00411	0.00000	0.00034	0.00003	0.00000
0.00000	0.08417	0.00870	0.00627	0.00000
0.00000	0.62250	0.00360	0.06345	0.00000
0.00000	0.00000	0.00000	0.00013	1.00000
0.07808	0.00000	0.00109	0.00046	0.00000
0.00411	0.00000	0.00068	0.00003	0.00000
0.00411	0.06723	0.00204	0.00003	0.00000
0.00000	0.00017	0.00258	0.00031	1.00000
0.00000	0.00176	0.00156	0.00014	1.00000
0.07603	0.00000	0.00068	0.00047	0.00000
0.00000	0.00000	0.00000	0.00007	1.00000
0.00000	0.01500	0.00190	0.00031	1.00000
0.00000	0.08417	0.00517	0.00179	0.00000
0.00000	0.01513	0.00190	0.00014	1.00000
0.00000	0.00000	0.00000	0.00013	1.00000
0.00000	0.00000	0.00000	0.00016	1.00000
0.00000	0.00000	0.00000	0.00000	0.00000
0.00000	0.71250	0.00326	0.06342	0.00000
0.00000	0.00533	0.00224	0.00014	1.00000
0.07671	0.00000	0.00054	0.00026	0.00000
0.00000	0.00405	0.00156	0.00011	1.00000
0.00000	0.00000	0.00000	0.00013	1.00000
0.00000	0.08417	0.00822	0.01832	0.00000
0.07534	0.00000	0.00136	0.00057	0.00000
0.00000	0.00253	0.00190	0.00014	1.00000
0.00000	0.00986	0.00156	0.00014	1.00000
0.18219	0.00000	0.00034	0.00022	0.00000
0.00000	0.00195	0.00156	0.00014	1.00000
0.00000	0.00000	0.00000	0.00016	1.00000
0.00000	0.00000	0.00000	0.00013	1.00000
0.00411	0.05412	0.00170	0.00003	0.00000
0.09521	0.00000	0.00109	0.00042	0.00000
0.00000	0.00000	0.00000	0.00000	0.00000
0.00000	0.00314	0.00258	0.00014	1.00000
0.03356	0.00000	0.00136	0.00036	0.00000
0.00000	0.01549	0.00156	0.00014	1.00000
0.06712	0.00000	0.00109	0.00079	0.00000
0.00000	0.00000	0.00000	0.00016	1.00000
0.04795	0.00000	0.00109	0.00039	0.00000
0.00000	0.00020	0.00156	0.00014	1.00000
0.00000	0.01025	0.00190	0.00031	1.00000
0.00000	0.00000	0.00000	0.00016	1.00000
0.03836	0.00000	0.00109	0.00044	0.00000
0.00000	0.00052	0.00156	0.00014	1.00000
0.00000	0.00000	0.00000	0.00016	1.00000
0.00000	0.00385	0.00156	0.00014	1.00000
0.00000	0.58750	0.00360	0.06345	0.00000
0.04178	0.00000	0.00109	0.00049	0.00000
0.00000	0.06480	0.00292	0.06342	0.00000
0.00000	0.00141	0.00231	0.00347	0.00000
0.00000	0.00132	0.00156	0.00031	1.00000
0.00000	0.00000	0.00000	0.00016	1.00000
0.05411	0.00000	0.00109	0.00090	0.00000
0.00000	0.00071	0.00224	0.00031	1.00000
0.00000	0.01024	0.00224	0.00031	1.00000
0.00000	0.00805	0.00156	0.00014	1.00000
0.00000	0.00000	0.00000	0.00007	0.00000
0.00000	0.00940	0.00190	0.00014	1.00000
0.15342	0.00000	0.00068	0.00033	0.00000
0.00000	0.00000	0.00000	0.00013	1.00000
0.00000	0.00000	0.00000	0.00013	1.00000
0.06986	0.00000	0.00068	0.00048	0.00000
0.08904	0.00000	0.00034	0.00027	0.00000
0.04589	0.00000	0.00068	0.00056	0.00000
0.16712	0.00000	0.00054	0.00028	0.00000
0.00000	0.00042	0.00190	0.00014	1.00000
0.05616	0.00000	0.00068	0.00036	0.00000
0.04384	0.00000	0.00068	0.00079	0.00000
0.07123	0.00000	0.00034	0.00022	0.00000
0.00000	0.00084	0.00190	0.00014	1.00000
0.00000	0.01498	0.00258	0.00034	1.00000
0.00411	0.00000	0.00034	0.00003	0.00000
0.00000	0.00000	0.00000	0.00016	1.00000
0.00000	0.00000	0.00000	0.00013	1.00000
0.00411	0.00000	0.00068	0.06342	0.00000
0.00000	0.00203	0.00258	0.00210	0.00000
0.11986	0.00000	0.00068	0.00037	0.00000
0.03288	0.00000	0.00136	0.00035	0.00000
0.00000	0.00037	0.03113	0.00731	0.00000
0.00000	0.00590	0.00156	0.00014	1.00000
0.00000	0.00000	0.00000	0.00013	1.00000
0.00000	0.00029	0.00190	0.00014	1.00000
0.00000	0.01066	0.00156	0.00014	1.00000
0.00000	0.00000	0.00000	0.00000	0.00000
0.04589	0.00000	0.00109	0.00056	0.00000
0.00000	0.00437	0.00190	0.00031	1.00000
0.08836	0.00000	0.00068	0.00035	0.00000
0.00000	0.00014	0.00224	0.00014	1.00000
0.00000	0.00000	0.00000	0.00000	0.00000
0.00000	0.00359	0.00190	0.00014	1.00000
0.03973	0.74250	0.00109	0.00046	0.00000
0.00000	0.00803	0.00258	0.00014	1.00000
0.03151	0.00000	0.00034	0.00032	0.00000
0.00000	0.00000	0.00000	0.00000	0.00000
0.00000	0.63750	0.00347	0.07094	0.00000
0.00000	0.00000	0.00109	0.00000	0.00000
0.00000	0.00394	0.00156	0.00014	1.00000
0.00000	0.00223	0.00184	0.00332	0.00000
0.00000	0.00000	0.00000	0.00016	1.00000
0.00000	0.01516	0.00190	0.00014	1.00000
0.00000	0.01406	0.00156	0.00034	1.00000
0.00000	0.00049	0.00190	0.00014	1.00000
0.00000	0.00636	0.00190	0.00014	1.00000
0.05753	0.00000	0.00136	0.00030	0.00000
0.00000	0.01240	0.00190	0.00751	0.00000
0.08630	0.00000	0.00034	0.00033	0.00000
0.00000	0.00028	0.00258	0.00011	1.00000
0.00411	0.00527	0.00170	0.00003	0.00000
0.04110	0.00000	0.00068	0.00048	0.00000
0.08288	0.00000	0.00034	0.00034	0.00000
0.15342	0.00000	0.00068	0.00033	0.00000
0.04589	0.00000	0.00034	0.00028	0.00000
0.00000	0.00031	0.00156	0.00014	1.00000
0.00000	0.00243	0.00190	0.00233	0.00000
0.05616	0.00000	0.00068	0.00036	0.00000
0.00411	0.02567	0.00238	0.00003	0.00000
0.00000	0.00350	0.00190	0.00014	1.00000
0.00000	0.73167	0.00326	0.06345	0.00000
0.00000	0.00633	0.00156	0.00014	1.00000
0.00000	0.01041	0.00190	0.00014	1.00000
0.00000	0.01283	0.00190	0.00014	1.00000
0.00000	0.00000	0.00000	0.00000	0.00000
0.06986	0.00000	0.00109	0.00035	0.00000
0.00411	0.00000	0.00068	0.06342	0.00000
0.08836	0.00000	0.00109	0.00035	0.00000
0.00000	0.00000	0.00000	0.00013	1.00000
0.00000	0.00000	0.00000	0.00337	0.00000
0.00000	0.00000	0.00000	0.00013	1.00000
0.00000	0.00787	0.00156	0.00014	1.00000
0.00000	0.00050	0.00190	0.00014	1.00000
0.00000	0.00142	0.00190	0.00014	1.00000
0.00000	0.00000	0.00000	0.00013	1.00000
0.00000	0.00032	0.00224	0.00014	1.00000
0.00000	0.00028	0.00224	0.00014	1.00000
0.00000	0.00000	0.00000	0.00016	1.00000
0.09726	0.00000	0.00109	0.00081	0.00000
0.00000	0.00000	0.00000	0.00016	1.00000
0.00000	0.00000	0.00000	0.00007	0.00000
0.00000	0.00921	0.00156	0.00034	1.00000
0.00000	0.01647	0.00190	0.00751	0.00000
0.00000	0.01368	0.00224	0.00014	1.00000
0.00000	0.00027	0.00224	0.00014	1.00000
0.17945	0.00000	0.00109	0.00039	0.00000
0.00411	0.05081	0.00170	0.00003	0.00000
0.00000	0.00025	0.00224	0.00014	1.00000
0.00000	0.08332	0.00904	0.00478	0.00000
0.00000	0.67750	0.00326	0.06342	0.00000
0.00000	0.00025	0.00190	0.00014	1.00000
0.00000	0.00000	0.00000	0.00016	1.00000
0.05890	0.00000	0.00068	0.00049	0.00000
0.00000	0.75750	0.00347	0.07090	0.00000
0.00411	0.00000	0.00034	0.00003	0.00000
0.00000	0.00026	0.01176	0.00635	0.00000
0.00000	0.00030	0.00285	0.00173	0.00000
0.00000	0.00070	0.00156	0.00031	1.00000
0.00000	0.00316	0.00224	0.00014	1.00000
0.00411	0.00000	0.00034	0.00017	0.00000
0.00411	0.00000	0.00034	0.00003	0.00000
0.04658	0.00000	0.00068	0.00057	0.00000
0.00000	0.00000	0.00000	0.00013	1.00000
0.00411	0.00000	0.00034	0.00024	0.00000
0.00000	0.00000	0.00000	0.00013	1.00000
0.00000	0.08500	0.00775	0.00538	0.00000
0.00000	0.01492	0.00224	0.00014	1.00000
0.06849	0.00000	0.00068	0.00096	0.00000
0.00000	0.00000	0.00000	0.00016	1.00000
0.05753	0.00000	0.00034	0.00030	0.00000
0.00000	0.00146	0.00224	0.00014	1.00000
0.00000	0.00000	0.00000	0.00013	1.00000
0.00000	0.00000	0.00068	0.00000	0.00000
0.06164	0.53417	0.00088	0.00060	0.00000
0.10274	0.00000	0.00054	0.00027	0.00000
0.00000	0.00976	0.00190	0.00014	1.00000
0.00000	0.00000	0.00000	0.00020	0.00000
0.00000	0.01086	0.00190	0.00014	1.00000
0.11233	0.00000	0.00034	0.00045	0.00000
0.00000	0.00265	0.00190	0.00014	1.00000
0.00000	0.00980	0.00156	0.00014	1.00000
0.00000	0.00000	0.00000	0.00007	0.00000
0.00000	0.00010	0.00122	0.06339	0.00000
0.00000	0.00000	0.00000	0.00016	1.00000
0.00411	0.00026	0.00170	0.00003	0.00000
0.00000	0.00027	0.00122	0.00014	1.00000
0.00000	0.00000	0.00000	0.00068	0.00000
0.00000	0.00000	0.00000	0.00020	1.00000
0.00000	0.00000	0.00000	0.00007	0.00000
0.00000	0.01254	0.00224	0.00014	1.00000
0.00000	0.00173	0.00231	0.00321	0.00000
0.00000	0.00000	0.00000	0.00016	1.00000
0.00000	0.00000	0.00000	0.00016	1.00000
0.00000	0.48333	0.00666	0.00662	0.00000
0.00000	0.00000	0.00000	0.00016	1.00000
0.00000	0.00954	0.00190	0.00031	1.00000
0.00000	0.00308	0.00190	0.00014	1.00000
0.00000	0.65167	0.00360	0.06345	0.00000
0.00000	0.00000	0.00000	0.00016	1.00000
0.05342	0.00000	0.00054	0.00027	0.00000
0.00000	0.00000	0.00000	0.00013	1.00000
0.00000	0.03252	0.00190	0.00751	0.00000
0.00000	0.01350	0.00156	0.00014	1.00000
0.00000	0.00026	0.00258	0.00324	0.00000
0.00411	0.00000	0.00068	0.06339	0.00000
0.00000	0.00000	0.00000	0.00000	0.00000
0.00000	0.01419	0.00224	0.00014	1.00000
0.00000	0.01183	0.00190	0.00014	1.00000
0.00000	0.00088	0.00190	0.00014	1.00000
0.00000	0.00000	0.00000	0.00016	1.00000
0.11233	0.00000	0.00109	0.00039	0.00000
0.00000	0.00000	0.00000	0.00013	1.00000
0.08836	0.00000	0.00109	0.00035	0.00000
0.00000	0.01041	0.00190	0.00031	1.00000
0.00000	0.00000	0.00054	0.00000	0.00000
0.00000	0.00113	0.00258	0.00031	1.00000
0.00000	0.00000	0.00000	0.00013	1.00000
0.00000	0.01248	0.00190	0.00014	1.00000
0.00000	0.00000	0.00000	0.00013	1.00000
0.00000	0.00016	0.00156	0.00014	1.00000
0.00000	0.00012	0.00156	0.00014	1.00000
0.00000	0.00102	0.00557	0.00178	0.00000
0.00000	0.00486	0.00224	0.00014	1.00000
0.00000	0.00000	0.00000	0.00016	1.00000
0.00000	0.00000	0.00000	0.00013	1.00000
0.00000	0.00957	0.00190	0.00014	1.00000
0.00000	0.00015	0.00156	0.00014	1.00000
0.00000	0.01216	0.00224	0.00014	1.00000
0.00000	0.00689	0.00156	0.00014	1.00000
0.07123	0.00000	0.00068	0.00044	0.00000
0.00000	0.01001	0.00224	0.00031	1.00000
0.00000	0.01511	0.00190	0.00014	1.00000
0.08767	0.00000	0.00068	0.00052	0.00000
0.00411	0.01251	0.00170	0.00003	0.00000
0.00000	0.01122	0.00224	0.00014	1.00000
0.00000	0.00000	0.00000	0.00013	1.00000
0.00411	0.08833	0.00170	0.00003	0.00000
0.00000	0.00126	0.00224	0.00031	1.00000
0.00411	0.06052	0.00136	0.00003	0.00000
0.00000	0.00000	0.00000	0.00016	1.00000
0.00000	0.00000	0.00000	0.00016	1.00000
0.00411	0.00000	0.00034	0.00236	0.00000
0.00000	0.08417	0.00673	0.00741	0.00000
0.00000	0.00271	0.00224	0.00014	1.00000
0.00000	0.00067	0.00224	0.00031	1.00000
0.00000	0.00000	0.00000	0.00013	1.00000
0.00000	0.00000	0.00000	0.00013	1.00000
0.01575	0.00000	0.00109	0.00025	0.00000
0.00000	0.00000	0.00000	0.00013	1.00000
0.00000	0.00480	0.00156	0.00031	1.00000
0.00000	0.57000	0.00326	0.06342	0.00000
0.03493	0.00000	0.00136	0.00038	0.00000
0.00000	0.00404	0.00224	0.00031	1.00000
0.00000	0.00017	0.00156	0.00014	1.00000
0.00000	0.00420	0.00156	0.00014	1.00000
0.07808	0.37000	0.00088	0.00056	0.00000
0.00000	0.00000	0.00000	0.00016	1.00000
0.00000	0.01171	0.00190	0.00014	1.00000
0.01370	0.00000	0.00034	0.06339	0.00000
0.00000	0.00000	0.00000	0.00013	1.00000
0.03493	0.00000	0.00068	0.00038	0.00000
0.00000	0.00569	0.00190	0.00031	1.00000
0.03219	0.00000	0.00109	0.00034	0.00000
0.00000	0.00000	0.00000	0.00016	1.00000
0.00000	0.00000	0.00000	0.00007	0.00000
0.28493	0.00000	0.00068	0.00045	0.00000
0.00000	0.00000	0.00000	0.00013	1.00000
0.07740	0.00000	0.00068	0.00071	0.00000
0.05342	0.00000	0.00034	0.00027	0.00000
0.00000	0.00746	0.00190	0.00014	1.00000
0.00000	0.00000	0.00000	0.00013	1.00000
0.00000	0.01269	0.00224	0.00014	1.00000
0.00000	0.00446	0.00156	0.00014	1.00000
0.00000	0.00000	0.00000	0.00016	1.00000
0.00000	0.00084	0.00224	0.00014	1.00000
0.03219	0.00000	0.00068	0.00068	0.00000
0.00411	0.07754	0.00170	0.00003	0.00000
0.00000	0.08333	0.00476	0.00516	0.00000
0.00000	0.00138	0.00190	0.00014	1.00000
0.00000	0.00000	0.00000	0.00016	1.00000
0.06233	0.00000	0.00068	0.00040	0.00000
0.00000	0.00029	0.00190	0.00031	1.00000
0.00000	0.00000	0.00000	0.00013	1.00000
0.00000	0.00682	0.00156	0.00014	1.00000
0.00000	0.00000	0.00000	0.00016	1.00000
0.00000	0.00030	0.00258	0.00031	1.00000
0.00000	0.00000	0.00000	0.00013	1.00000
0.00000	0.00000	0.00000	0.00016	1.00000
0.00000	0.00000	0.00000	0.00000	0.00000
0.00000	0.01133	0.00156	0.00014	1.00000
0.00000	0.01571	0.00224	0.00031	1.00000
0.00000	0.00023	0.00156	0.00031	1.00000
0.00411	0.00000	0.00068	0.06342	0.00000
0.00000	0.01543	0.00190	0.00014	1.00000
0.00000	0.00662	0.00224	0.00031	1.00000
0.00411	0.01283	0.00170	0.00003	0.00000
0.00000	0.01032	0.00156	0.00014	1.00000
0.00000	0.00000	0.00000	0.00016	1.00000
0.08562	0.00000	0.00034	0.00033	0.00000
0.00000	0.00000	0.00000	0.00020	0.00000
0.00000	0.00041	0.00190	0.00014	1.00000
0.00000	0.00822	0.00190	0.00014	1.00000
0.00000	0.00031	0.00224	0.00014	1.00000
0.00000	0.00604	0.00224	0.00014	1.00000
0.00000	0.01060	0.00224	0.00031	1.00000
0.00000	0.00510	0.00224	0.00011	1.00000
0.00411	0.07685	0.00170	0.00003	0.00000
0.00000	0.01274	0.00190	0.00014	1.00000
0.00000	0.00179	0.00190	0.00207	0.00000
0.00000	0.00000	0.00000	0.00016	1.00000
0.00411	0.07798	0.00170	0.00003	0.00000
0.00000	0.00759	0.00190	0.00014	1.00000
0.06918	0.00065	0.00136	0.00087	0.00000
0.00000	0.00000	0.00000	0.00013	1.00000
0.00000	0.00000	0.00000	0.00013	1.00000
0.21301	0.00000	0.00109	0.00040	0.00000
0.00000	0.00000	0.00000	0.00007	0.00000
0.00000	0.00000	0.00000	0.00007	0.00000
0.00411	0.00000	0.00034	0.00003	0.00000
0.00000	0.01427	0.00156	0.00014	1.00000
0.00000	0.00000	0.00000	0.00013	1.00000
0.18288	0.00000	0.00109	0.00036	0.00000
0.00000	0.00000	0.00000	0.00016	1.00000
0.00000	0.00133	0.00190	0.00034	1.00000
0.09726	0.00000	0.00034	0.00026	0.00000
0.00000	0.01014	0.00190	0.00031	1.00000
0.00000	0.00000	0.00000	0.00013	1.00000
0.00000	0.00000	0.00000	0.00000	0.00000
0.00137	0.02467	0.00211	0.00152	0.00000
0.07466	0.00000	0.00136	0.00036	0.00000
0.00000	0.00574	0.00190	0.00031	1.00000
0.00000	0.00000	0.00000	0.00013	1.00000
0.00411	0.00000	0.00068	0.06342	0.00000
0.00000	0.00000	0.00000	0.00013	1.00000
0.00000	0.00000	0.00000	0.00013	1.00000
0.00411	0.08833	0.00170	0.00003	0.00000
0.00000	0.00000	0.00000	0.00013	1.00000
0.00000	0.56083	0.00360	0.06345	0.00000
0.00411	0.06001	0.00170	0.00003	0.00000
0.00000	0.00000	0.00000	0.00016	1.00000
0.12260	0.00000	0.00068	0.00085	0.00000
0.00000	0.00000	0.00000	0.00013	1.00000
0.11575	0.00000	0.00109	0.00039	0.00000
0.00000	0.01573	0.00258	0.00014	1.00000
0.00000	0.00031	0.00224	0.00034	1.00000
0.00000	0.00100	0.00190	0.00014	1.00000
0.00000	0.00090	0.02311	0.01456	0.00000
0.00000	0.00000	0.00000	0.00020	1.00000
0.00000	0.01171	0.00224	0.00031	1.00000
0.00000	0.00501	0.00190	0.00031	1.00000
0.00000	0.00000	0.00000	0.00013	1.00000
0.00000	0.00000	0.00000	0.00016	1.00000
0.00000	0.01466	0.00224	0.00014	1.00000
0.00411	0.00000	0.00034	0.00003	0.00000
0.00000	0.08333	0.06498	0.00844	0.00000
0.00000	0.01514	0.00224	0.00014	1.00000
0.00000	0.00123	0.00156	0.00014	1.00000
0.07740	0.00000	0.00068	0.00090	0.00000
0.00000	0.00000	0.00000	0.00016	1.00000
0.00000	0.00000	0.00000	0.00020	1.00000
0.00000	0.01513	0.00190	0.00031	1.00000
0.00000	0.00000	0.00000	0.00016	1.00000
0.00000	0.00000	0.00000	0.00013	1.00000
0.00000	0.00000	0.00000	0.00016	1.00000
0.00000	0.49583	0.00734	0.00686	0.00000
0.07055	0.00000	0.00109	0.00049	0.00000
0.00000	0.00000	0.00000	0.00016	1.00000
0.00000	0.00000	0.00000	0.00016	1.00000
0.03151	0.00000	0.00034	0.00074	0.00000
0.00000	0.00000	0.00000	0.03204	0.00000
0.00000	0.00000	0.00000	0.00023	0.00000
0.00411	0.01702	0.00170	0.00003	0.00000
0.00000	0.00000	0.00000	0.00016	1.00000
0.07671	0.00000	0.00034	0.00022	0.00000
0.00411	0.09417	0.00170	0.00003	0.00000
0.00000	0.00043	0.00224	0.00014	1.00000
0.07260	0.00000	0.00054	0.00028	0.00000
0.00000	0.00355	0.00190	0.00031	1.00000
0.00000	0.00681	0.00156	0.00014	1.00000
0.00000	0.08417	0.01536	0.00728	0.00000
0.00000	0.71583	0.00360	0.06345	0.00000
0.00000	0.00828	0.00190	0.00014	1.00000
0.00000	0.00112	0.00190	0.00014	1.00000
0.00000	0.00238	0.00190	0.00031	1.00000
0.00000	0.01024	0.00156	0.00014	1.00000
0.00000	0.00000	0.00000	0.00013	1.00000
0.00000	0.00000	0.00000	0.00013	1.00000
0.00411	0.04569	0.00170	0.00003	0.00000
0.00000	0.00000	0.00000	0.00016	1.00000
0.00000	0.00028	0.00258	0.00014	1.00000
0.05411	0.00000	0.00068	0.00037	0.00000
0.00000	0.00525	0.00224	0.00014	1.00000
0.00000	0.03679	0.00190	0.00751	0.00000
0.00000	0.00105	0.00190	0.00207	0.00000
0.00000	0.00000	0.00000	0.00013	1.00000
0.00411	0.08500	0.00170	0.00003	0.00000
0.00000	0.00511	0.00156	0.00014	1.00000
0.00000	0.00910	0.00190	0.00014	1.00000
0.00000	0.00000	0.00000	0.00016	1.00000
0.00411	0.00000	0.00034	0.00007	0.00000
0.00000	0.00000	0.00000	0.00016	1.00000
0.00000	0.00000	0.00000	0.00016	1.00000
0.00000	0.00000	0.00000	0.00007	0.00000
0.00000	0.00915	0.00156	0.00014	1.00000
0.00000	0.00000	0.00000	0.00013	1.00000
0.00000	0.10083	0.00224	0.00751	0.00000
0.00000	0.00652	0.00190	0.00014	1.00000
0.00000	0.00000	0.00000	0.00013	1.00000
0.00000	0.01471	0.00224	0.00014	1.00000
0.00000	0.00000	0.00000	0.00013	1.00000
0.00000	0.00395	0.00156	0.00014	1.00000
0.00000	0.00033	0.00190	0.00014	1.00000
0.00000	0.00000	0.00000	0.00016	1.00000
0.00411	0.06409	0.00170	0.00003	0.00000
0.00000	0.08417	0.00632	0.00794	0.00000
0.00000	0.00000	0.00000	0.00016	1.00000
0.00000	0.00000	0.00000	0.00013	1.00000
0.00000	0.00013	0.00190	0.00014	1.00000
0.09521	0.00000	0.00034	0.00024	0.00000
0.00000	0.00000	0.00000	0.00020	0.00000
0.00411	0.00000	0.00034	0.00023	0.00000
0.00000	0.00659	0.00190	0.00034	1.00000
0.00000	0.00000	0.00000	0.00016	1.00000
0.00411	0.00000	0.00034	0.00024	0.00000
0.00000	0.00206	0.00224	0.00014	1.00000
0.03630	0.00000	0.00095	0.00040	0.00000
0.00000	0.00026	0.00190	0.00031	1.00000
0.00000	0.58083	0.00360	0.06342	0.00000
0.00411	0.09167	0.00170	0.00003	0.00000
0.00000	0.00000	0.00000	0.00013	1.00000
0.00000	0.00041	0.00156	0.00031	1.00000
0.00000	0.01543	0.00190	0.00031	1.00000
0.00000	0.00157	0.00258	0.00014	1.00000
0.00000	0.00086	0.00190	0.00014	1.00000
0.00000	0.00250	0.00326	0.00215	0.00000
0.00000	0.00028	0.00224	0.00014	1.00000
0.00000	0.00185	0.00190	0.00034	1.00000
0.00000	0.72333	0.00360	0.06345	0.00000
0.00000	0.00107	0.00156	0.00014	1.00000
0.00411	0.18000	0.00170	0.00003	0.00000
0.00000	0.00000	0.00000	0.00013	1.00000
0.00000	0.07980	0.00224	0.00751	0.00000
0.00000	0.00000	0.00000	0.00013	1.00000
0.00000	0.00199	0.00190	0.00014	1.00000
0.00000	0.00694	0.00190	0.00031	1.00000
0.00000	0.00021	0.00156	0.00014	1.00000
0.00000	0.01506	0.00156	0.00014	1.00000
0.00000	0.00449	0.00224	0.00034	1.00000
0.00000	0.01423	0.00224	0.00031	1.00000
0.00000	0.00147	0.00190	0.00014	1.00000
0.00000	0.00026	0.00156	0.00014	1.00000
0.05616	0.00000	0.00068	0.00098	0.00000
0.00000	0.00000	0.00000	0.00016	1.00000
0.00000	0.01098	0.00190	0.00014	1.00000
0.00000	0.01335	0.00190	0.00014	1.00000
0.00411	0.00000	0.00034	0.00007	1.00000
0.00000	0.00000	0.00000	0.00016	1.00000
0.00000	0.00858	0.00224	0.00014	1.00000
0.00411	0.00000	0.00034	0.00003	0.00000
0.00000	0.01054	0.00190	0.00014	1.00000
0.00000	0.00098	0.00156	0.00014	1.00000
0.00000	0.49167	0.00632	0.00805	0.00000
0.00411	0.00445	0.00204	0.00003	0.00000
0.06027	0.00000	0.00068	0.00042	0.00000
0.00000	0.00000	0.00000	0.00013	1.00000
0.00000	0.00000	0.00054	0.00000	0.00000
0.00000	0.00173	0.00231	0.00279	0.00000
0.00000	0.00000	0.00000	0.00013	1.00000
0.00000	0.00340	0.00156	0.00014	1.00000
0.11575	0.00000	0.00034	0.00048	0.00000
0.04726	0.00000	0.00068	0.00034	0.00000
0.00000	0.49167	0.00530	0.00451	0.00000
0.00137	0.03971	0.00279	0.01110	0.00000
0.00000	0.00000	0.00000	0.00007	0.00000
0.00000	0.01216	0.00224	0.00014	1.00000
0.00411	0.00000	0.00034	0.00003	0.00000
0.00411	0.02377	0.00136	0.00057	0.00000
0.08356	0.00000	0.00068	0.00043	0.00000
0.00000	0.08333	0.00720	0.00282	0.00000
0.00000	0.00213	0.00224	0.00031	1.00000
0.00000	0.00123	0.00156	0.00031	1.00000
0.00000	0.00000	0.00000	0.00007	0.00000
0.00411	0.08667	0.00170	0.00003	0.00000
0.00000	0.00000	0.00000	0.00013	1.00000
0.00000	0.00761	0.00190	0.00014	1.00000
0.00000	0.00000	0.00000	0.00016	1.00000
0.00000	0.00254	0.00224	0.00014	1.00000
0.00000	0.01489	0.00190	0.00031	1.00000
0.00000	0.00037	0.00224	0.00014	1.00000
0.00000	0.00546	0.00190	0.00014	1.00000
0.00000	0.00030	0.00190	0.00031	1.00000
0.00000	0.00000	0.00000	0.00016	1.00000
0.00000	0.01184	0.00224	0.00014	1.00000
0.00000	0.00357	0.00224	0.00014	1.00000
0.11986	0.00000	0.00109	0.00051	0.00000
0.00411	0.00000	0.00034	0.00003	0.00000
0.00000	0.77500	0.00326	0.06342	0.00000
0.08014	0.00000	0.00109	0.00039	0.00000
0.00000	0.02114	0.00224	0.00751	0.00000
0.00000	0.00516	0.00190	0.00014	1.00000
0.00000	0.01474	0.00224	0.00014	1.00000
0.00000	0.00180	0.00190	0.00237	0.00000
0.05616	0.00000	0.00054	0.00030	0.00000
0.00000	0.00036	0.00258	0.00014	1.00000
0.00000	0.01449	0.00224	0.00011	1.00000
0.00000	0.00179	0.00190	0.00014	1.00000
0.00000	0.00000	0.00000	0.00013	1.00000
0.00000	0.49167	0.00775	0.00496	0.00000
0.00000	0.00000	0.00000	0.00000	0.00000
0.00000	0.00000	0.00054	0.00000	0.00000
0.00000	0.00000	0.00000	0.00013	1.00000
0.00000	0.00000	0.00000	0.00013	1.00000
0.00000	0.00099	0.00224	0.00031	1.00000
0.00000	0.01552	0.00224	0.00011	1.00000
0.00000	0.00632	0.00190	0.00014	1.00000
0.00000	0.01481	0.00156	0.00014	1.00000
0.00000	0.07396	0.00224	0.00751	0.00000
0.00000	0.00000	0.00000	0.00013	1.00000
0.00000	0.00000	0.00000	0.00020	1.00000
0.00000	0.00179	0.00231	0.00372	0.00000
0.00000	0.00973	0.00224	0.00014	1.00000
0.00000	0.00000	0.00000	0.00013	1.00000
0.00000	0.01027	0.00156	0.00014	1.00000
0.06986	0.00000	0.00068	0.00035	0.00000
0.00000	0.01041	0.00224	0.00014	1.00000
0.00000	0.00000	0.00000	0.00007	0.00000
0.00000	0.72167	0.00326	0.06342	0.00000
0.00000	0.00289	0.00156	0.00034	1.00000
0.00000	0.01481	0.00224	0.00031	1.00000
0.00000	0.00000	0.00000	0.00013	1.00000
0.00000	0.00486	0.00224	0.00014	1.00000
0.00000	0.77500	0.00360	0.06342	0.00000
0.00000	0.00822	0.00156	0.00014	1.00000
0.05616	0.00000	0.00109	0.00036	0.00000
0.04863	0.00000	0.00109	0.00047	0.00000
0.00000	0.00025	0.00156	0.00014	1.00000
0.00000	0.51833	0.00326	0.06345	0.00000
0.03151	0.00000	0.00034	0.00074	0.00000
0.09932	0.00000	0.00068	0.00069	0.00000
0.06986	0.00000	0.00109	0.00092	0.00000
0.00000	0.00449	0.00190	0.00014	1.00000
0.08973	0.00000	0.00109	0.00050	0.00000
0.03356	0.00000	0.00109	0.00036	0.00000
0.00000	0.00023	0.00156	0.00014	1.00000
0.00000	0.01129	0.00224	0.00014	1.00000
0.08836	0.00000	0.00068	0.00035	0.00000
0.00000	0.00000	0.00000	0.00013	1.00000
0.08630	0.00000	0.00054	0.00031	0.00000
0.00000	0.00032	0.00224	0.00014	1.00000
0.00000	0.00028	0.00190	0.00014	1.00000
0.00000	0.00000	0.00000	0.00013	1.00000
0.00000	0.00000	0.00000	0.00016	1.00000
0.00000	0.00000	0.00000	0.00016	1.00000
0.00000	0.00000	0.00000	0.00013	1.00000
0.07740	0.00000	0.00034	0.00029	0.00000
0.00000	0.00000	0.00000	0.00016	1.00000
0.10205	0.00000	0.00068	0.00073	0.00000
0.00000	0.00873	0.00156	0.00014	1.00000
0.00000	0.00000	0.00000	0.00013	1.00000
0.00000	0.84167	0.00326	0.06342	0.00000
0.06575	0.00000	0.00109	0.00092	0.00000
0.06164	0.00000	0.00034	0.00025	0.00000
0.00000	0.00084	0.00156	0.00014	1.00000
0.00000	0.01443	0.00224	0.00014	1.00000
0.00000	0.00000	0.00000	0.00016	1.00000
0.00000	0.00687	0.00156	0.00031	1.00000
0.00000	0.00000	0.00000	0.00016	1.00000
0.00000	0.00779	0.00190	0.00014	1.00000
0.00000	0.00647	0.00258	0.00014	1.00000
0.00000	0.00175	0.00224	0.00014	1.00000
0.00000	0.71917	0.00326	0.06345	0.00000
0.00000	0.00222	0.00156	0.00014	1.00000
0.00000	0.00144	0.00224	0.00200	0.00000
0.00000	0.00040	0.00258	0.00309	0.00000
0.00000	0.00027	0.00156	0.00014	1.00000
0.00000	0.65167	0.00326	0.06342	0.00000
0.00411	0.01687	0.00170	0.00003	0.00000
0.00411	0.06654	0.00170	0.00003	0.00000
0.00000	0.00000	0.00000	0.00016	1.00000
0.00000	0.00108	0.00190	0.00014	1.00000
0.00000	0.01090	0.00122	0.00240	0.00000
0.00000	0.00000	0.00000	0.00016	1.00000
0.00000	0.00000	0.00000	0.00000	0.00000
0.08836	0.00000	0.00034	0.00025	0.00000
0.00000	0.00551	0.00156	0.00014	1.00000
0.00000	0.00029	0.00190	0.00031	1.00000
0.00000	0.00045	0.00156	0.00014	1.00000
0.00000	0.00302	0.00156	0.00014	1.00000
0.00000	0.00000	0.00000	0.00016	1.00000
0.00000	0.08583	0.01047	0.01433	0.00000
0.00000	0.00849	0.00190	0.00014	1.00000
0.00000	0.00000	0.00000	0.00013	1.00000
0.00411	0.03325	0.00170	0.00003	0.00000
0.00000	0.00000	0.00000	0.00013	1.00000
0.00000	0.00000	0.00000	0.00013	1.00000
0.00000	0.00000	0.00000	0.00016	1.00000
0.00000	0.00000	0.00000	0.00013	1.00000
0.00000	0.00000	0.00000	0.00016	1.00000
0.03767	0.00000	0.00136	0.00043	0.00000
0.04452	0.00000	0.00034	0.00027	0.00000
0.00000	0.00000	0.00000	0.00013	1.00000
0.00000	0.00000	0.00000	0.00016	1.00000
0.00000	0.00000	0.00000	0.00013	1.00000
0.00000	0.00824	0.00224	0.00014	1.00000
0.00000	0.00000	0.00000	0.00013	1.00000
0.00000	0.00847	0.00190	0.00014	1.00000
0.00000	0.03310	0.00224	0.00751	0.00000
0.00000	0.00562	0.00224	0.00031	1.00000
0.00000	0.00750	0.00190	0.00014	1.00000
0.00411	0.02461	0.00204	0.00003	0.00000
0.05274	0.00000	0.00109	0.00040	0.00000
0.00000	0.05922	0.00224	0.00751	0.00000
0.04863	0.00000	0.00068	0.00043	0.00000
0.00000	0.01025	0.00224	0.00014	1.00000
0.00000	0.08333	0.01298	0.00501	0.00000
0.00000	0.00087	0.00224	0.00031	1.00000
0.00000	0.00000	0.00000	0.00016	1.00000
0.00000	0.59750	0.00360	0.06342	0.00000
0.00000	0.62667	0.00326	0.06345	0.00000
0.00000	0.00536	0.00156	0.00014	1.00000
0.00000	0.00000	0.00000	0.00016	1.00000
0.00000	0.03363	0.00224	0.00751	0.00000
0.00000	0.00896	0.00190	0.00014	1.00000
0.00000	0.52417	0.00360	0.06342	0.00000
0.00000	0.00000	0.00000	0.00016	1.00000
0.00000	0.00000	0.00000	0.00013	1.00000
0.00000	0.00128	0.00190	0.00031	1.00000
0.00000	0.00000	0.00000	0.00016	1.00000
0.00000	0.00000	0.00000	0.00013	1.00000
0.00000	0.00977	0.00156	0.00014	1.00000
0.00000	0.00000	0.00000	0.00020	1.00000
0.00000	0.07801	0.00190	0.00751	0.00000
0.00000	0.00000	0.00000	0.00013	1.00000
0.00000	0.00000	0.00000	0.00016	1.00000
0.00411	0.00000	0.00034	0.00003	0.00000
0.03493	0.00000	0.00068	0.00038	0.00000
0.00000	0.00000	0.00000	0.00016	1.00000
0.00000	0.00000	0.00000	0.00016	1.00000
0.00000	0.00098	0.00190	0.00031	1.00000
0.00000	0.00000	0.00054	0.00000	0.00000
0.06164	0.00000	0.00109	0.00042	0.00000
0.00000	0.00000	0.00000	0.00013	1.00000
0.00000	0.00000	0.00000	0.00016	1.00000
0.00000	0.00834	0.00326	0.00486	0.00000
0.00000	0.00070	0.00224	0.00014	1.00000
0.00000	0.00000	0.00000	0.00013	1.00000
0.00000	0.00000	0.00000	0.00016	1.00000
0.00000	0.00490	0.00156	0.00014	1.00000
0.00411	0.00171	0.00136	0.06342	0.00000
0.00000	0.00000	0.00000	0.00000	0.00000
0.00000	0.00020	0.00156	0.00014	1.00000
0.00000	0.01392	0.00190	0.00031	1.00000
0.00000	0.00000	0.00000	0.00013	1.00000
0.00000	0.00000	0.00000	0.00013	1.00000
0.00000	0.00000	0.00000	0.00016	1.00000
0.00411	0.00000	0.00068	0.06339	0.00000
0.00000	0.03679	0.00360	0.00962	0.00000
0.00000	0.00207	0.00258	0.00390	0.00000
0.00000	0.00020	0.00156	0.00014	1.00000
0.10753	0.00000	0.00034	0.00023	0.00000
0.00000	0.01538	0.00224	0.00014	1.00000
0.00000	0.00289	0.00360	0.01853	0.00000
0.00411	0.00000	0.00034	0.00003	0.00000
0.06438	0.00000	0.00068	0.00033	0.00000
0.00000	0.00000	0.00000	0.00013	1.00000
0.00000	0.00021	0.00190	0.00014	1.00000
0.00000	0.00000	0.00000	0.00139	0.00000
0.00000	0.00017	0.00224	0.00014	1.00000
0.00000	0.00000	0.00000	0.00013	1.00000
0.00000	0.00617	0.00224	0.00034	1.00000
0.00000	0.05041	0.00360	0.06342	0.00000
0.00000	0.00331	0.00258	0.00014	1.00000
0.00000	0.09750	0.00224	0.00751	0.00000
0.00000	0.00013	0.00224	0.00014	1.00000
0.06644	0.00000	0.00054	0.00022	0.00000
0.00411	0.04980	0.00170	0.00003	0.00000
0.00000	0.01529	0.00224	0.00014	1.00000
0.00000	0.00000	0.00000	0.00016	1.00000
0.05685	0.00000	0.00068	0.00036	0.00000
0.00000	0.00766	0.00224	0.00014	1.00000
0.00000	0.00000	0.00000	0.00013	1.00000
0.00000	0.00019	0.00190	0.00014	1.00000
0.04795	0.00000	0.00068	0.00059	0.00000
0.00411	0.00595	0.00170	0.00003	0.00000
0.00000	0.00142	0.00190	0.00034	1.00000
0.00000	0.00000	0.00054	0.00000	0.00000
0.00000	0.01544	0.00190	0.00014	1.00000
0.00000	0.00026	0.00190	0.00205	0.00000
0.00000	0.01450	0.00224	0.00031	1.00000
0.00411	0.48583	0.00238	0.00190	0.00000
0.00000	0.63333	0.00360	0.06342	0.00000
0.00000	0.00000	0.00000	0.00013	1.00000
0.00000	0.01098	0.00156	0.00014	1.00000
0.00000	0.00000	0.00000	0.00016	1.00000
0.00000	0.01029	0.00224	0.00014	1.00000
0.00000	0.01480	0.00190	0.00014	1.00000
0.00000	0.04750	0.00224	0.00751	0.00000
0.00000	0.00103	0.00156	0.00027	1.00000
0.00000	0.00008	0.00224	0.00014	1.00000
0.00000	0.00610	0.00224	0.00014	1.00000
0.00000	0.00936	0.00224	0.00031	1.00000
0.03836	0.00000	0.00068	0.00044	0.00000
0.00411	0.00565	0.00170	0.00003	0.00000
0.00000	0.01103	0.00156	0.00014	1.00000
0.18219	0.00000	0.00109	0.00035	0.00000
0.00000	0.04970	0.00224	0.00751	0.00000
0.00000	0.01467	0.00156	0.00014	1.00000
0.00000	0.00000	0.00000	0.00013	1.00000
0.00000	0.00000	0.00000	0.00013	1.00000
0.00000	0.00000	0.00000	0.00016	1.00000
0.00000	0.00951	0.00156	0.00031	1.00000
0.00000	0.00000	0.00000	0.00013	1.00000
0.00000	0.00164	0.00557	0.00384	0.00000
0.00000	0.08417	0.00652	0.00548	0.00000
0.00000	0.00723	0.00190	0.00014	1.00000
0.00411	0.08331	0.00204	0.00003	0.00000
0.05753	0.00000	0.00109	0.00033	0.00000
0.00000	0.00000	0.00000	0.00013	1.00000
0.00000	0.00000	0.00000	0.00000	0.00000
0.00000	0.00072	0.00258	0.00034	1.00000
0.00000	0.00000	0.00000	0.00013	1.00000
0.00411	0.00000	0.00068	0.06342	0.00000
0.00000	0.01212	0.00156	0.00014	1.00000
0.00000	0.00149	0.00190	0.00031	1.00000
0.00000	0.00136	0.00190	0.00014	1.00000
0.00000	0.00243	0.00231	0.00347	0.00000
0.00000	0.00039	0.00156	0.00014	1.00000
0.00000	0.00158	0.00156	0.00014	1.00000
0.08219	0.00000	0.00034	0.00025	0.00000
0.00000	0.49083	0.06144	0.00426	0.00000
0.00000	0.00000	0.00000	0.00017	0.00000
0.00000	0.00992	0.00156	0.00014	1.00000
0.05411	0.00000	0.00034	0.00034	0.00000
0.00000	0.00001	0.00088	0.00017	1.00000
0.00000	0.08417	0.00686	0.00640	0.00000
0.00411	0.08333	0.00170	0.00003	0.00000
0.00000	0.00024	0.00190	0.00014	1.00000
0.13425	0.00000	0.00068	0.00074	0.00000
0.00000	0.08417	0.00224	0.00751	0.00000
0.00000	0.00000	0.00000	0.00016	1.00000
0.00000	0.00000	0.00000	0.00016	1.00000
0.00000	0.01535	0.00156	0.00014	1.00000
0.00000	0.00000	0.00054	0.00000	0.00000
0.00000	0.00025	0.00829	0.00451	0.00000
0.00000	0.00201	0.00190	0.00014	1.00000
0.00411	0.00000	0.00068	0.06342	0.00000
0.00000	0.00000	0.00000	0.00013	1.00000
0.00000	0.01350	0.00156	0.00014	1.00000
0.00000	0.00746	0.00224	0.00014	1.00000
0.00000	0.00001	0.00462	0.01721	0.00000
0.00000	0.00329	0.00190	0.00031	1.00000
0.00000	0.00000	0.00054	0.00000	0.00000
0.00411	0.06744	0.00170	0.00003	0.00000
0.00000	0.00116	0.00224	0.00014	1.00000
0.00000	0.00000	0.00000	0.00000	0.00000
0.00000	0.08417	0.07340	0.02250	0.00000
0.00411	0.00000	0.00068	0.06342	0.00000
0.00000	0.00000	0.00000	0.00020	1.00000
0.00000	0.00553	0.00190	0.00027	1.00000
0.00000	0.01439	0.00190	0.00014	1.00000
0.00000	0.00025	0.00156	0.00031	1.00000
0.00000	0.65250	0.00360	0.06342	0.00000
0.00000	0.00227	0.00224	0.00014	1.00000
0.00000	0.00317	0.00224	0.00014	1.00000
0.00411	0.03227	0.00204	0.00003	0.00000
0.03562	0.00000	0.00136	0.00039	0.00000
0.00000	0.00000	0.00000	0.00016	1.00000
0.00000	0.00000	0.00000	0.00016	1.00000
0.00000	0.00038	0.00184	0.00339	0.00000
0.04110	0.00000	0.00034	0.00024	0.00000
0.00000	0.00372	0.00224	0.00014	1.00000
0.00411	0.00000	0.00034	0.00003	0.00000
0.00000	0.00000	0.00054	0.00000	0.00000
0.00000	0.06284	0.00224	0.00751	0.00000
0.06849	0.00000	0.00109	0.00048	0.00000
0.00000	0.00000	0.00000	0.00013	1.00000
0.00000	0.08333	0.00408	0.00266	0.00000
0.00000	0.00161	0.00224	0.00014	1.00000
0.00000	0.00000	0.00054	0.00000	0.00000
0.00000	0.09500	0.00190	0.00751	0.00000
0.03288	0.00000	0.00068	0.00035	0.00000
0.14863	0.00000	0.00109	0.00045	0.00000
0.00000	0.01125	0.00224	0.00031	1.00000
0.06986	0.00000	0.00109	0.00035	0.00000
0.00411	0.00000	0.00068	0.06339	0.00000
0.00000	0.00000	0.00000	0.00007	0.00000
0.00411	0.00000	0.00068	0.06342	0.00000
0.00000	0.01471	0.00224	0.00014	1.00000
0.01370	0.00000	0.00034	0.06342	0.00000
0.00000	0.08333	0.00856	0.01005	0.00000
0.00000	0.00289	0.00190	0.00014	1.00000
0.00000	0.00228	0.00224	0.00014	1.00000
0.00000	0.00000	0.00000	0.00016	1.00000
0.06849	0.00000	0.00054	0.00026	0.00000
0.00411	0.02670	0.00238	0.00003	0.00000
0.00000	0.00000	0.00000	0.00013	1.00000
0.00000	0.00040	0.00156	0.00014	1.00000
0.00000	0.00000	0.00000	0.00016	1.00000
0.00000	0.00000	0.00000	0.00013	1.00000
0.00000	0.00000	0.00000	0.00013	1.00000
0.00000	0.00000	0.00000	0.00013	1.00000
0.00000	0.00000	0.00000	0.00016	1.00000
0.00000	0.00420	0.00156	0.00031	1.00000
0.00000	0.00000	0.00000	0.00013	1.00000
0.00000	0.00000	0.00054	0.00007	0.00000
0.00000	0.00000	0.00000	0.00013	1.00000
0.00411	0.00000	0.00068	0.06342	0.00000
0.00000	0.00685	0.00224	0.00014	1.00000
0.00000	0.00000	0.00000	0.00000	0.00000
0.00000	0.00000	0.00000	0.00016	1.00000
0.00411	0.00000	0.00034	0.00003	0.00000
0.00411	0.00000	0.00068	0.00003	0.00000
0.00000	0.00083	0.00258	0.00031	1.00000
0.00000	0.00000	0.00000	0.00016	1.00000
0.00000	0.00352	0.00156	0.00014	1.00000
0.00000	0.00000	0.00000	0.00013	1.00000
0.00000	0.59167	0.00326	0.06342	0.00000
0.00000	0.64250	0.00360	0.06345	0.00000
0.00000	0.61417	0.00326	0.06345	0.00000
0.00000	0.00000	0.00000	0.00016	1.00000
0.00000	0.00000	0.00000	0.00016	1.00000
0.00000	0.00000	0.00000	0.00013	1.00000
0.04452	0.00000	0.00034	0.00027	0.00000
0.00411	0.00000	0.00068	0.06339	0.00000
0.00000	0.00090	0.00224	0.00014	1.00000
0.00000	0.00481	0.00224	0.00014	1.00000
0.00000	0.00046	0.01074	0.00958	0.00000
0.00000	0.00052	0.00156	0.00014	1.00000
0.00000	0.00029	0.00224	0.00214	0.00000
0.00000	0.58083	0.00326	0.06342	0.00000
0.00000	0.00000	0.00000	0.00020	1.00000
0.00000	0.00161	0.00190	0.00034	1.00000
0.00000	0.07338	0.00394	0.00438	0.00000
0.00000	0.00026	0.00190	0.00014	1.00000
0.00000	0.00000	0.00054	0.00000	0.00000
0.00000	0.00000	0.00000	0.00013	1.00000
0.00000	0.00000	0.00000	0.00013	1.00000
0.06370	0.00000	0.00054	0.00024	0.00000
0.00000	0.00019	0.00156	0.00031	1.00000
0.00000	0.00358	0.00190	0.00031	1.00000
0.00000	0.00000	0.00054	0.00000	0.00000
0.00000	0.00000	0.00000	0.00016	1.00000
0.00000	0.00502	0.00156	0.00014	1.00000
0.00000	0.01246	0.00224	0.00014	1.00000
0.00000	0.01156	0.00224	0.00031	1.00000
0.00000	0.00967	0.00190	0.00031	1.00000
0.00000	0.00020	0.00122	0.00116	0.00000
0.00000	0.00000	0.00000	0.00000	0.00000
0.00000	0.00018	0.00224	0.00014	1.00000
0.00000	0.59333	0.00326	0.06342	0.00000
0.00000	0.00000	0.00000	0.00013	1.00000
0.07123	0.00000	0.00109	0.00079	0.00000
0.00411	0.00000	0.00068	0.06342	0.00000
0.00000	0.00019	0.00156	0.00014	1.00000
0.00000	0.00000	0.00000	0.00016	1.00000
0.00000	0.00105	0.00224	0.00011	1.00000
0.00000	0.00243	0.00190	0.00187	0.00000
0.00000	0.74417	0.00360	0.06345	0.00000
0.00000	0.00000	0.00000	0.00013	1.00000
0.00411	0.03335	0.00170	0.00003	0.00000
0.04178	0.00000	0.00068	0.00049	0.00000
0.00000	0.00656	0.00190	0.00014	1.00000
0.00000	0.00000	0.00000	0.00016	1.00000
0.03493	0.00000	0.00068	0.00038	0.00000
0.00411	0.04118	0.00170	0.00003	0.00000
0.00000	0.00000	0.00000	0.00016	1.00000
0.00000	0.00000	0.00000	0.00016	1.00000
0.00411	0.04165	0.00204	0.00003	0.00000
0.10137	0.00000	0.00109	0.00037	0.00000
0.00000	0.08417	0.01149	0.09685	0.00000
0.00000	0.00610	0.00190	0.00014	1.00000
0.11918	0.00000	0.00068	0.00101	0.00000
0.00000	0.00000	0.00000	0.00007	0.00000
0.00000	0.00937	0.00190	0.00031	1.00000
0.04932	0.13667	0.01196	0.04844	0.00000
0.03767	0.00000	0.00068	0.00030	0.00000
0.00000	0.00000	0.00000	0.00007	0.00000
0.00000	0.00000	0.00000	0.00013	1.00000
0.00000	0.00000	0.00000	0.00023	0.00000
0.13082	0.00000	0.00068	0.00069	0.00000
0.00000	0.00000	0.00000	0.00016	1.00000
0.00000	0.08163	0.00190	0.00751	0.00000
0.00000	0.00689	0.00224	0.00014	1.00000
0.00000	0.00000	0.00000	0.00007	0.00000
0.00000	0.00000	0.00000	0.00013	1.00000
0.06233	0.00000	0.00068	0.00047	0.00000
0.00000	0.08193	0.48243	0.03674	0.00000
0.00000	0.01033	0.00258	0.00011	1.00000
0.00000	0.00000	0.00000	0.00013	1.00000
0.00000	0.62167	0.00326	0.06342	0.00000
0.00411	0.06606	0.00170	0.00003	0.00000
0.00000	0.00531	0.00190	0.00014	1.00000
0.00000	0.00000	0.00000	0.00016	1.00000
0.00000	0.00004	0.00156	0.00014	1.00000
0.00000	0.00000	0.00000	0.00016	1.00000
0.00000	0.00000	0.00000	0.00013	1.00000
0.00000	0.00725	0.00224	0.00014	1.00000
0.00137	0.08333	0.00347	0.00918	0.00000
0.01370	0.00000	0.00034	0.06339	0.00000
0.00000	0.00086	0.00224	0.00014	1.00000
0.00000	0.00639	0.00258	0.00014	1.00000
0.00000	0.01450	0.00224	0.00031	1.00000
0.00000	0.00578	0.00156	0.00014	1.00000
0.00000	0.00084	0.00156	0.00014	1.00000
0.00000	0.76917	0.00360	0.06342	0.00000
0.00000	0.00000	0.00000	0.00007	0.00000
0.00000	0.01063	0.00156	0.00014	1.00000
0.00000	0.00000	0.00054	0.00000	0.00000
0.00000	0.00070	0.00224	0.00014	1.00000
0.00000	0.00196	0.00224	0.00031	1.00000
0.00000	0.00000	0.00000	0.00013	1.00000
0.00000	0.00000	0.00000	0.00013	1.00000
0.00000	0.00499	0.00190	0.00014	1.00000
0.00000	0.01454	0.00224	0.00014	1.00000
0.00000	0.00016	0.00190	0.00014	1.00000
0.00411	0.09917	0.00238	0.00003	0.00000
0.00000	0.08500	0.00340	0.00236	0.00000
0.00000	0.00000	0.00000	0.00013	1.00000
0.00000	0.00729	0.00190	0.00014	1.00000
0.00000	0.01474	0.00190	0.00014	1.00000
0.08219	0.00000	0.00054	0.00031	0.00000
0.00000	0.00026	0.00190	0.00014	1.00000
0.15753	0.00000	0.00068	0.00045	0.00000
0.00000	0.00663	0.00190	0.00014	1.00000
0.00000	0.01384	0.00156	0.00027	1.00000
0.00000	0.07266	0.00326	0.06345	0.00000
0.03562	0.00000	0.00068	0.00039	0.00000
0.00000	0.01497	0.00224	0.00014	1.00000
0.00000	0.08333	0.00557	0.00431	0.00000
0.00411	0.01497	0.00170	0.00003	0.00000
0.00411	0.07311	0.00170	0.00003	0.00000
0.00000	0.00000	0.00000	0.00000	0.00000
0.00000	0.00000	0.00000	0.00013	1.00000
0.00411	0.00000	0.00034	0.00003	0.00000
0.00411	0.00000	0.00068	0.06339	0.00000
0.00000	0.00721	0.00224	0.00014	1.00000
0.17329	0.00000	0.00054	0.00025	0.00000
0.00000	0.05039	0.00292	0.06345	0.00000
0.00000	0.00493	0.00190	0.00031	1.00000
0.00411	0.06087	0.00204	0.00003	0.00000
0.00000	0.00000	0.00000	0.00016	1.00000
0.00000	0.00000	0.00000	0.00013	1.00000
0.00000	0.00125	0.00190	0.00014	1.00000
0.00000	0.60250	0.00326	0.06342	0.00000
0.00411	0.00000	0.00034	0.00003	0.00000
0.00000	0.01517	0.00190	0.00014	1.00000
0.00000	0.00000	0.00000	0.00013	1.00000
0.04178	0.00000	0.00109	0.00049	0.00000
0.00000	0.00017	0.00156	0.00014	1.00000
0.09041	0.00000	0.00095	0.00033	0.00000
0.00000	0.00082	0.00224	0.00014	1.00000
0.00000	0.00000	0.00000	0.00013	1.00000
0.00000	0.01180	0.00224	0.00014	1.00000
0.00411	0.00000	0.00034	0.00007	0.00000
0.00000	0.00355	0.00156	0.00014	1.00000
0.00000	0.00997	0.00156	0.00031	1.00000
